{
    "train_loss": [
        2.5947649841308595,
        1.8348868624369303,
        1.6274221897125245,
        1.4708069330851237,
        1.3744536329905193,
        1.293388858159383,
        1.2225135679244996,
        1.1990237582524617,
        1.133384716351827,
        1.1085077743530274,
        1.074440902074178,
        1.0365399703979492,
        1.000729794184367,
        0.9946605676015218,
        0.9782774295806885,
        0.9630896819432576,
        0.9431522928873698,
        0.9421399443944295,
        0.9227169221242268,
        0.9009452352523803,
        0.8916851924260457,
        0.8863221572240194,
        0.881418535232544,
        0.8749650532404581,
        0.8770731585820516,
        0.8726424927711487,
        0.8644953937530517,
        0.8660638599395752,
        0.8690857807795207,
        0.866369970480601
    ],
    "val_loss": [
        2.131347120178412,
        1.705248222588012,
        1.6225872943119972,
        1.5240443574715845,
        1.4961335921879881,
        1.4963206659933055,
        1.4637393129538305,
        1.470889429127948,
        1.4512629098033312,
        1.458132943751649,
        1.4684540914452595,
        1.4469772281113618,
        1.4258911691096998,
        1.3872179103934246,
        1.410420100141016,
        1.3982998758369352,
        1.4174340326593529,
        1.3788947844357224,
        1.3744135287977894,
        1.373407254678122,
        1.3480321961160031,
        1.3429698807112178,
        1.3392811384260284,
        1.3317052418400783,
        1.327444394923145,
        1.3273885498135727,
        1.327436569684781,
        1.328394399666638,
        1.3300365279920352,
        1.3292032450622653
    ],
    "train_acc": [
        0.372,
        0.6033333333333334,
        0.6786666666666666,
        0.7256666666666667,
        0.7698333333333334,
        0.7936666666666666,
        0.8315,
        0.8311666666666667,
        0.8616666666666667,
        0.874,
        0.887,
        0.9011666666666667,
        0.9106666666666666,
        0.9153333333333333,
        0.9186666666666666,
        0.9243333333333333,
        0.9353333333333333,
        0.9296666666666666,
        0.9386666666666666,
        0.9481666666666667,
        0.9481666666666667,
        0.9516666666666667,
        0.9543333333333334,
        0.9525,
        0.9548333333333333,
        0.9553333333333334,
        0.9553333333333334,
        0.9571666666666667,
        0.9541666666666667,
        0.9556666666666667
    ],
    "val_acc": [
        0.48835403726708076,
        0.6203416149068323,
        0.6583850931677019,
        0.7119565217391305,
        0.7158385093167702,
        0.7236024844720497,
        0.734472049689441,
        0.7422360248447205,
        0.7399068322981367,
        0.7445652173913043,
        0.7453416149068323,
        0.7523291925465838,
        0.7639751552795031,
        0.7694099378881988,
        0.7717391304347826,
        0.7701863354037267,
        0.7709627329192547,
        0.782608695652174,
        0.7841614906832298,
        0.7771739130434783,
        0.782608695652174,
        0.7888198757763976,
        0.7927018633540373,
        0.7950310559006211,
        0.7989130434782609,
        0.8027950310559007,
        0.796583850931677,
        0.7927018633540373,
        0.7950310559006211,
        0.796583850931677
    ],
    "best_val_acc": 0.8027950310559007,
    "best_epoch": 26
}