{
  "alternaria_leaf_spot": {
    "precision": 0.7058823529411765,
    "recall": 0.631578947368421,
    "f1-score": 0.6666666666666666,
    "support": 19.0
  },
  "angular_leaf_spot": {
    "precision": 0.8571428571428571,
    "recall": 0.9473684210526315,
    "f1-score": 0.9,
    "support": 19.0
  },
  "anthracnose": {
    "precision": 0.7307692307692307,
    "recall": 0.6551724137931034,
    "f1-score": 0.6909090909090909,
    "support": 29.0
  },
  "bacterial_leaf_spot": {
    "precision": 0.6,
    "recall": 0.6,
    "f1-score": 0.6,
    "support": 15.0
  },
  "bacterial_leaf_streak_(black_chaff)": {
    "precision": 0.4666666666666667,
    "recall": 0.4117647058823529,
    "f1-score": 0.4375,
    "support": 17.0
  },
  "bacterial_wilt": {
    "precision": 0.8076923076923077,
    "recall": 1.0,
    "f1-score": 0.8936170212765957,
    "support": 21.0
  },
  "berry_blotch": {
    "precision": 0.8333333333333334,
    "recall": 0.9375,
    "f1-score": 0.8823529411764706,
    "support": 16.0
  },
  "black_leaf_streak": {
    "precision": 0.8695652173913043,
    "recall": 0.9090909090909091,
    "f1-score": 0.8888888888888888,
    "support": 22.0
  },
  "black_rot": {
    "precision": 0.723404255319149,
    "recall": 0.7391304347826086,
    "f1-score": 0.7311827956989247,
    "support": 46.0
  },
  "brown_rot": {
    "precision": 0.8787878787878788,
    "recall": 0.8787878787878788,
    "f1-score": 0.8787878787878788,
    "support": 33.0
  },
  "brown_spot": {
    "precision": 0.5625,
    "recall": 0.6,
    "f1-score": 0.5806451612903226,
    "support": 15.0
  },
  "bunchy_top": {
    "precision": 0.8823529411764706,
    "recall": 0.9375,
    "f1-score": 0.9090909090909091,
    "support": 16.0
  },
  "canker": {
    "precision": 0.8793103448275862,
    "recall": 0.8947368421052632,
    "f1-score": 0.8869565217391304,
    "support": 57.0
  },
  "downy_mildew": {
    "precision": 0.7807017543859649,
    "recall": 0.8640776699029126,
    "f1-score": 0.8202764976958525,
    "support": 103.0
  },
  "early_blight": {
    "precision": 0.7142857142857143,
    "recall": 0.8163265306122449,
    "f1-score": 0.7619047619047619,
    "support": 49.0
  },
  "frog_eye_leaf_spot": {
    "precision": 0.8,
    "recall": 0.8275862068965517,
    "f1-score": 0.8135593220338984,
    "support": 29.0
  },
  "gray_leaf_spot": {
    "precision": 0.6842105263157895,
    "recall": 0.7222222222222222,
    "f1-score": 0.7027027027027027,
    "support": 18.0
  },
  "greening_disease": {
    "precision": 0.782608695652174,
    "recall": 0.9,
    "f1-score": 0.8372093023255814,
    "support": 20.0
  },
  "head_scab": {
    "precision": 0.8636363636363636,
    "recall": 0.9743589743589743,
    "f1-score": 0.9156626506024096,
    "support": 39.0
  },
  "late_blight": {
    "precision": 0.7878787878787878,
    "recall": 0.7222222222222222,
    "f1-score": 0.7536231884057971,
    "support": 36.0
  },
  "leaf_curl": {
    "precision": 1.0,
    "recall": 0.9,
    "f1-score": 0.9473684210526315,
    "support": 20.0
  },
  "leaf_mold": {
    "precision": 0.7368421052631579,
    "recall": 0.875,
    "f1-score": 0.8,
    "support": 16.0
  },
  "leaf_rust": {
    "precision": 0.7272727272727273,
    "recall": 0.8421052631578947,
    "f1-score": 0.7804878048780488,
    "support": 38.0
  },
  "leaf_spot": {
    "precision": 0.5833333333333334,
    "recall": 0.4375,
    "f1-score": 0.5,
    "support": 32.0
  },
  "loose_smut": {
    "precision": 0.88,
    "recall": 0.8461538461538461,
    "f1-score": 0.8627450980392157,
    "support": 26.0
  },
  "mosaic": {
    "precision": 0.8,
    "recall": 0.6666666666666666,
    "f1-score": 0.7272727272727273,
    "support": 18.0
  },
  "mosaic_virus": {
    "precision": 0.8055555555555556,
    "recall": 0.7631578947368421,
    "f1-score": 0.7837837837837838,
    "support": 38.0
  },
  "northern_leaf_blight": {
    "precision": 0.8,
    "recall": 0.7619047619047619,
    "f1-score": 0.7804878048780488,
    "support": 21.0
  },
  "pepper_blossom_end_rot": {
    "precision": 0.9285714285714286,
    "recall": 0.8666666666666667,
    "f1-score": 0.896551724137931,
    "support": 15.0
  },
  "pepper_powdery_mildew": {
    "precision": 0.5,
    "recall": 0.3333333333333333,
    "f1-score": 0.4,
    "support": 3.0
  },
  "powdery_mildew": {
    "precision": 0.925,
    "recall": 0.8740157480314961,
    "f1-score": 0.8987854251012146,
    "support": 127.0
  },
  "rust": {
    "precision": 0.7019230769230769,
    "recall": 0.6697247706422018,
    "f1-score": 0.6854460093896714,
    "support": 109.0
  },
  "scab": {
    "precision": 0.8125,
    "recall": 0.5652173913043478,
    "f1-score": 0.6666666666666666,
    "support": 46.0
  },
  "septoria_blotch": {
    "precision": 0.6923076923076923,
    "recall": 0.6923076923076923,
    "f1-score": 0.6923076923076923,
    "support": 26.0
  },
  "septoria_leaf_spot": {
    "precision": 0.45454545454545453,
    "recall": 0.3333333333333333,
    "f1-score": 0.38461538461538464,
    "support": 15.0
  },
  "sheath_blight": {
    "precision": 0.5263157894736842,
    "recall": 0.6666666666666666,
    "f1-score": 0.5882352941176471,
    "support": 15.0
  },
  "smut": {
    "precision": 0.8148148148148148,
    "recall": 0.9565217391304348,
    "f1-score": 0.88,
    "support": 23.0
  },
  "stem_rust": {
    "precision": 0.8571428571428571,
    "recall": 0.8,
    "f1-score": 0.8275862068965517,
    "support": 15.0
  },
  "stripe_rust": {
    "precision": 0.7708333333333334,
    "recall": 0.7872340425531915,
    "f1-score": 0.7789473684210526,
    "support": 47.0
  },
  "tar_spot": {
    "precision": 0.9333333333333333,
    "recall": 0.9333333333333333,
    "f1-score": 0.9333333333333333,
    "support": 15.0
  },
  "accuracy": 0.7834890965732088,
  "macro avg": {
    "precision": 0.7615255182518302,
    "recall": 0.7635066882250252,
    "f1-score": 0.7591539261521871,
    "support": 1284.0
  },
  "weighted avg": {
    "precision": 0.7826622496290558,
    "recall": 0.7834890965732088,
    "f1-score": 0.7803025692596789,
    "support": 1284.0
  }
}