{
  "alternaria_leaf_spot": {
    "precision": 0.7857142857142857,
    "recall": 0.5789473684210527,
    "f1-score": 0.6666666666666666,
    "support": 19.0
  },
  "angular_leaf_spot": {
    "precision": 0.8125,
    "recall": 0.6842105263157895,
    "f1-score": 0.7428571428571429,
    "support": 19.0
  },
  "anthracnose": {
    "precision": 0.75,
    "recall": 0.7241379310344828,
    "f1-score": 0.7368421052631579,
    "support": 29.0
  },
  "bacterial_leaf_spot": {
    "precision": 0.38461538461538464,
    "recall": 0.3333333333333333,
    "f1-score": 0.35714285714285715,
    "support": 15.0
  },
  "bacterial_leaf_streak_(black_chaff)": {
    "precision": 0.3333333333333333,
    "recall": 0.29411764705882354,
    "f1-score": 0.3125,
    "support": 17.0
  },
  "bacterial_wilt": {
    "precision": 0.7037037037037037,
    "recall": 0.9047619047619048,
    "f1-score": 0.7916666666666666,
    "support": 21.0
  },
  "berry_blotch": {
    "precision": 0.8421052631578947,
    "recall": 1.0,
    "f1-score": 0.9142857142857143,
    "support": 16.0
  },
  "black_leaf_streak": {
    "precision": 0.8695652173913043,
    "recall": 0.9090909090909091,
    "f1-score": 0.8888888888888888,
    "support": 22.0
  },
  "black_rot": {
    "precision": 0.7333333333333333,
    "recall": 0.717391304347826,
    "f1-score": 0.7252747252747253,
    "support": 46.0
  },
  "brown_rot": {
    "precision": 0.8787878787878788,
    "recall": 0.8787878787878788,
    "f1-score": 0.8787878787878788,
    "support": 33.0
  },
  "brown_spot": {
    "precision": 1.0,
    "recall": 0.5333333333333333,
    "f1-score": 0.6956521739130435,
    "support": 15.0
  },
  "bunchy_top": {
    "precision": 0.6818181818181818,
    "recall": 0.9375,
    "f1-score": 0.7894736842105263,
    "support": 16.0
  },
  "canker": {
    "precision": 0.8666666666666667,
    "recall": 0.9122807017543859,
    "f1-score": 0.8888888888888888,
    "support": 57.0
  },
  "downy_mildew": {
    "precision": 0.76,
    "recall": 0.7378640776699029,
    "f1-score": 0.7487684729064039,
    "support": 103.0
  },
  "early_blight": {
    "precision": 0.6428571428571429,
    "recall": 0.7346938775510204,
    "f1-score": 0.6857142857142857,
    "support": 49.0
  },
  "frog_eye_leaf_spot": {
    "precision": 0.76,
    "recall": 0.6551724137931034,
    "f1-score": 0.7037037037037037,
    "support": 29.0
  },
  "gray_leaf_spot": {
    "precision": 0.6666666666666666,
    "recall": 0.6666666666666666,
    "f1-score": 0.6666666666666666,
    "support": 18.0
  },
  "greening_disease": {
    "precision": 0.8,
    "recall": 0.8,
    "f1-score": 0.8,
    "support": 20.0
  },
  "head_scab": {
    "precision": 0.8222222222222222,
    "recall": 0.9487179487179487,
    "f1-score": 0.8809523809523809,
    "support": 39.0
  },
  "late_blight": {
    "precision": 0.6756756756756757,
    "recall": 0.6944444444444444,
    "f1-score": 0.684931506849315,
    "support": 36.0
  },
  "leaf_curl": {
    "precision": 0.9473684210526315,
    "recall": 0.9,
    "f1-score": 0.9230769230769231,
    "support": 20.0
  },
  "leaf_mold": {
    "precision": 0.8571428571428571,
    "recall": 0.75,
    "f1-score": 0.8,
    "support": 16.0
  },
  "leaf_rust": {
    "precision": 0.7368421052631579,
    "recall": 0.7368421052631579,
    "f1-score": 0.7368421052631579,
    "support": 38.0
  },
  "leaf_spot": {
    "precision": 0.4634146341463415,
    "recall": 0.59375,
    "f1-score": 0.5205479452054794,
    "support": 32.0
  },
  "loose_smut": {
    "precision": 0.9090909090909091,
    "recall": 0.7692307692307693,
    "f1-score": 0.8333333333333334,
    "support": 26.0
  },
  "mosaic": {
    "precision": 0.4666666666666667,
    "recall": 0.3888888888888889,
    "f1-score": 0.42424242424242425,
    "support": 18.0
  },
  "mosaic_virus": {
    "precision": 0.6052631578947368,
    "recall": 0.6052631578947368,
    "f1-score": 0.6052631578947368,
    "support": 38.0
  },
  "northern_leaf_blight": {
    "precision": 0.8235294117647058,
    "recall": 0.6666666666666666,
    "f1-score": 0.7368421052631579,
    "support": 21.0
  },
  "pepper_blossom_end_rot": {
    "precision": 1.0,
    "recall": 0.8,
    "f1-score": 0.8888888888888888,
    "support": 15.0
  },
  "pepper_powdery_mildew": {
    "precision": 1.0,
    "recall": 0.3333333333333333,
    "f1-score": 0.5,
    "support": 3.0
  },
  "powdery_mildew": {
    "precision": 0.8699186991869918,
    "recall": 0.84251968503937,
    "f1-score": 0.856,
    "support": 127.0
  },
  "rust": {
    "precision": 0.5955882352941176,
    "recall": 0.7431192660550459,
    "f1-score": 0.6612244897959184,
    "support": 109.0
  },
  "scab": {
    "precision": 0.7878787878787878,
    "recall": 0.5652173913043478,
    "f1-score": 0.6582278481012658,
    "support": 46.0
  },
  "septoria_blotch": {
    "precision": 0.6086956521739131,
    "recall": 0.5384615384615384,
    "f1-score": 0.5714285714285714,
    "support": 26.0
  },
  "septoria_leaf_spot": {
    "precision": 0.3333333333333333,
    "recall": 0.2,
    "f1-score": 0.25,
    "support": 15.0
  },
  "sheath_blight": {
    "precision": 0.6923076923076923,
    "recall": 0.6,
    "f1-score": 0.6428571428571429,
    "support": 15.0
  },
  "smut": {
    "precision": 0.92,
    "recall": 1.0,
    "f1-score": 0.9583333333333334,
    "support": 23.0
  },
  "stem_rust": {
    "precision": 0.8461538461538461,
    "recall": 0.7333333333333333,
    "f1-score": 0.7857142857142857,
    "support": 15.0
  },
  "stripe_rust": {
    "precision": 0.7450980392156863,
    "recall": 0.8085106382978723,
    "f1-score": 0.7755102040816326,
    "support": 47.0
  },
  "tar_spot": {
    "precision": 0.8235294117647058,
    "recall": 0.9333333333333333,
    "f1-score": 0.875,
    "support": 15.0
  },
  "accuracy": 0.7383177570093458,
  "macro avg": {
    "precision": 0.7450346704068689,
    "recall": 0.70384805935463,
    "f1-score": 0.7140749292029791,
    "support": 1284.0
  },
  "weighted avg": {
    "precision": 0.743836028286234,
    "recall": 0.7383177570093458,
    "f1-score": 0.7360696865890513,
    "support": 1284.0
  }
}