{
  "train_loss": [
    2.669602431297302,
    1.8624627513885499,
    1.622335103034973,
    1.4549379949569703,
    1.3436587104797364,
    1.218532615184784,
    1.170267366886139,
    1.0963648900985719,
    1.040574019908905,
    0.997521240234375,
    0.9816851658821106,
    0.946932674407959,
    0.9103961181640625,
    0.8912714881896973,
    0.8764551396369934,
    0.8586601448059082,
    0.8478959732055664,
    0.8380164999961853,
    0.8294326357841492,
    0.8149433989524841,
    0.8098339409828186,
    0.8061753673553467,
    0.7997850360870361,
    0.7969757971763611,
    0.7954705538749695,
    0.7928311324119568,
    0.7891965403556823,
    0.785026816368103,
    0.7893204283714295,
    0.7891387753486633
  ],
  "train_acc": [
    0.3321666666666666,
    0.5833333333333335,
    0.6761666666666672,
    0.7345,
    0.7748333333333337,
    0.8313333333333338,
    0.8501666666666667,
    0.8808333333333338,
    0.9003333333333332,
    0.9206666666666661,
    0.9231666666666664,
    0.9363333333333331,
    0.9549999999999998,
    0.9590000000000001,
    0.9661666666666668,
    0.9711666666666666,
    0.9725000000000003,
    0.98,
    0.9808333333333333,
    0.9876666666666668,
    0.985166666666667,
    0.985,
    0.9893333333333341,
    0.9890000000000005,
    0.9888333333333337,
    0.9890000000000003,
    0.9900000000000005,
    0.9920000000000002,
    0.9891666666666672,
    0.9900000000000004
  ],
  "val_loss": [
    2.1590140174936363,
    1.7877422703637018,
    1.7427084181043837,
    1.6909417311350505,
    1.6021008535667702,
    1.580714742342631,
    1.591102785534329,
    1.620777467886607,
    1.5953680409325495,
    1.6023184988233778,
    1.5661093791325886,
    1.5309698559619762,
    1.5374509471434135,
    1.5386255825007404,
    1.5769554376602173,
    1.5234972216464855,
    1.5068913874802765,
    1.5054656664530437,
    1.5082858226917408,
    1.4853256830462702,
    1.4922964793664437,
    1.492286660053112,
    1.4841902300163552,
    1.4924928170663339,
    1.4886045455932617,
    1.4827905672567863,
    1.4813498655954997,
    1.4815893084914595,
    1.482426921526591,
    1.4819957768475567
  ],
  "val_acc": [
    0.48395061437730436,
    0.603858024985702,
    0.6273148153667096,
    0.6554012364811368,
    0.6817901211756247,
    0.6876543230480618,
    0.6962962956340225,
    0.7010802427927653,
    0.7018518525141256,
    0.7166666675496984,
    0.7015432097293712,
    0.7179012375849264,
    0.7163580225573646,
    0.7339506171367787,
    0.7111111095658055,
    0.7341049379772611,
    0.7331790096229978,
    0.7330246976128331,
    0.7415123460469423,
    0.746141971261413,
    0.7376543173083553,
    0.743055557763135,
    0.7455246912108527,
    0.7492283913824294,
    0.75,
    0.7507716042024118,
    0.7492283980051676,
    0.7546296318372091,
    0.7530864212248061,
    0.7546296296296297
  ]
}